
INSERT INTO AppUser (user_id, name) VALUES ('1','Gebhard Nasato');
INSERT INTO AppUser (user_id, name) VALUES ('2','Sunitha Aslan');
INSERT INTO AppUser (user_id, name) VALUES ('3','Kemuel Sala');
INSERT INTO AppUser (user_id, name) VALUES ('4','Harley Shine');
INSERT INTO AppUser (user_id, name) VALUES ('5','Marcos Lannon');
INSERT INTO AppUser (user_id, name) VALUES ('6','Simonides Lauritsen');
INSERT INTO AppUser (user_id, name) VALUES ('7','Fearghas Hamm');
INSERT INTO AppUser (user_id, name) VALUES ('8','Rati Boon');
INSERT INTO AppUser (user_id, name) VALUES ('9','Dylan Bellomi');
INSERT INTO AppUser (user_id, name) VALUES ('10','Saoirse Meyer');
INSERT INTO AppUser (user_id, name) VALUES ('11','Sievert Leclair');
INSERT INTO AppUser (user_id, name) VALUES ('12','Emiel Crouch');
INSERT INTO AppUser (user_id, name) VALUES ('13','Inzhu McCoy');
INSERT INTO AppUser (user_id, name) VALUES ('14','Adsila Fields');
INSERT INTO AppUser (user_id, name) VALUES ('15','Lucija Romero');

INSERT INTO Customer (user_id, birthday) VALUES ('1','1985-07-14');
INSERT INTO Customer (user_id, birthday) VALUES ('2','1988-03-21');
INSERT INTO Customer (user_id, birthday) VALUES ('5','1990-01-04');
INSERT INTO Customer (user_id, birthday) VALUES ('7','1992-10-11');
INSERT INTO Customer (user_id, birthday) VALUES ('8','1990-05-04');
INSERT INTO Customer (user_id, birthday) VALUES ('10','2004-12-01');
INSERT INTO Customer (user_id, birthday) VALUES ('11','1979-01-24');
INSERT INTO Customer (user_id, birthday) VALUES ('14','1987-08-03');
INSERT INTO Customer (user_id, birthday) VALUES ('15','1994-11-01');

INSERT INTO CustomerPhone (user_id, phone) VALUES ('1','937-0692');
INSERT INTO CustomerPhone (user_id, phone) VALUES ('2','698-7147');
INSERT INTO CustomerPhone (user_id, phone) VALUES ('5','712-1926');
INSERT INTO CustomerPhone (user_id, phone) VALUES ('7','953-1400');
INSERT INTO CustomerPhone (user_id, phone) VALUES ('7','906-4850');
INSERT INTO CustomerPhone (user_id, phone) VALUES ('8','429-1754');
INSERT INTO CustomerPhone (user_id, phone) VALUES ('10','529-5867');
INSERT INTO CustomerPhone (user_id, phone) VALUES ('11','481-3146');
INSERT INTO CustomerPhone (user_id, phone) VALUES ('14','824-2009');
INSERT INTO CustomerPhone (user_id, phone) VALUES ('15','246-6855');
INSERT INTO CustomerPhone (user_id, phone) VALUES ('15','497-5406');

INSERT INTO Admin (user_id, supervisor_id) VALUES ('1',NULL);
INSERT INTO Admin (user_id, supervisor_id) VALUES ('2','1');
INSERT INTO Admin (user_id, supervisor_id) VALUES ('3','1');
INSERT INTO Admin (user_id, supervisor_id) VALUES ('4','2');
INSERT INTO Admin (user_id, supervisor_id) VALUES ('6',NULL);
INSERT INTO Admin (user_id, supervisor_id) VALUES ('9','6');
INSERT INTO Admin (user_id, supervisor_id) VALUES ('13',NULL);
INSERT INTO Admin (user_id, supervisor_id) VALUES ('14','6');

INSERT INTO Album (album_id, name, creation_date, user_id) VALUES ('1','Stock photos','2019-11-21','1');
INSERT INTO Album (album_id, name, creation_date, user_id) VALUES ('2','Family reunion','2019-11-25','3');
INSERT INTO Album (album_id, name, creation_date, user_id) VALUES ('3','Christmas 2019','2019-12-30','5');
INSERT INTO Album (album_id, name, creation_date, user_id) VALUES ('4','Party time','2020-01-04','10');
INSERT INTO Album (album_id, name, creation_date, user_id) VALUES ('5','New year trip 2020','2020-01-20','5');
INSERT INTO Album (album_id, name, creation_date, user_id) VALUES ('6','Scenic photos','2020-02-01','13');

INSERT INTO Image (album_id, image_id, filename) VALUES ('1','1','IMG_1204.jpg');
INSERT INTO Image (album_id, image_id, filename) VALUES ('1','2','IMG_1206.jpg');
INSERT INTO Image (album_id, image_id, filename) VALUES ('1','3','IMG_1207.jpg');
INSERT INTO Image (album_id, image_id, filename) VALUES ('1','4','IMG_1211.jpg');
INSERT INTO Image (album_id, image_id, filename) VALUES ('1','5','IMG_1215.jpg');
INSERT INTO Image (album_id, image_id, filename) VALUES ('2','1','DSC_0011.jpg');
INSERT INTO Image (album_id, image_id, filename) VALUES ('2','2','DSC_0012.jpg');
INSERT INTO Image (album_id, image_id, filename) VALUES ('2','3','DSC_0018.jpg');
INSERT INTO Image (album_id, image_id, filename) VALUES ('2','4','DSC_0020.jpg');
INSERT INTO Image (album_id, image_id, filename) VALUES ('3','1','IMG_0099.jpg');
INSERT INTO Image (album_id, image_id, filename) VALUES ('3','2','IMG_0130.jpg');
INSERT INTO Image (album_id, image_id, filename) VALUES ('3','3','IMG_0151.jpg');
INSERT INTO Image (album_id, image_id, filename) VALUES ('4','1','IMG_20191231_00014.jpg');
INSERT INTO Image (album_id, image_id, filename) VALUES ('4','2','IMG_20191231_00018.jpg');
INSERT INTO Image (album_id, image_id, filename) VALUES ('4','3','IMG_20200101_00002.jpg');
INSERT INTO Image (album_id, image_id, filename) VALUES ('5','1','IMG_0167.jpg');
INSERT INTO Image (album_id, image_id, filename) VALUES ('5','2','IMG_0174.jpg');
INSERT INTO Image (album_id, image_id, filename) VALUES ('5','3','IMG_0188.jpg');
INSERT INTO Image (album_id, image_id, filename) VALUES ('6','1','DSC_1024.jpg');
INSERT INTO Image (album_id, image_id, filename) VALUES ('6','2','DSC_1031.jpg');
INSERT INTO Image (album_id, image_id, filename) VALUES ('6','3','DSC_1033.jpg');
INSERT INTO Image (album_id, image_id, filename) VALUES ('6','4','DSC_1040.jpg');
INSERT INTO Image (album_id, image_id, filename) VALUES ('6','5','DSC_1044.jpg');

INSERT INTO Product (product_id, description, price) VALUES ('1','4R photo','1.2');
INSERT INTO Product (product_id, description, price) VALUES ('2','5R photo','2.3');
INSERT INTO Product (product_id, description, price) VALUES ('3','8R photo','5.0');
INSERT INTO Product (product_id, description, price) VALUES ('4','12R photo','15.0');
INSERT INTO Product (product_id, description, price) VALUES ('5','2R photo card','2.5');
INSERT INTO Product (product_id, description, price) VALUES ('6','Photo mug','230.0');

INSERT INTO PrintOrder (order_id, user_id, status, pic_id) VALUES ('1','2','Waiting for collection.','1');
INSERT INTO PrintOrder (order_id, user_id, status, pic_id) VALUES ('2','10','Printing in progress.','4');
INSERT INTO PrintOrder (order_id, user_id, status, pic_id) VALUES ('3','5','Payment pending','1');
INSERT INTO PrintOrder (order_id, user_id, status, pic_id) VALUES ('4','15','New order',NULL);
INSERT INTO PrintOrder (order_id, user_id, status, pic_id) VALUES ('5','5','New order',NULL);
INSERT INTO PrintOrder (order_id, user_id, status, pic_id) VALUES ('6','5','New re-order',NULL);
INSERT INTO PrintOrder (order_id, user_id, status, pic_id) VALUES ('7','10','New order',NULL);

INSERT INTO Item (order_id, item_id, quantity, product_id, album_id, image_id) VALUES ('1','1','1','1','2','1');
INSERT INTO Item (order_id, item_id, quantity, product_id, album_id, image_id) VALUES ('1','2','1','1','2','3');
INSERT INTO Item (order_id, item_id, quantity, product_id, album_id, image_id) VALUES ('1','3','1','1','2','4');
INSERT INTO Item (order_id, item_id, quantity, product_id, album_id, image_id) VALUES ('1','4','4','3','2','4');
INSERT INTO Item (order_id, item_id, quantity, product_id, album_id, image_id) VALUES ('2','1','3','1','4','1');
INSERT INTO Item (order_id, item_id, quantity, product_id, album_id, image_id) VALUES ('2','2','2','1','4','2');
INSERT INTO Item (order_id, item_id, quantity, product_id, album_id, image_id) VALUES ('3','1','5','1','1','2');
INSERT INTO Item (order_id, item_id, quantity, product_id, album_id, image_id) VALUES ('3','2','1','1','1','4');
INSERT INTO Item (order_id, item_id, quantity, product_id, album_id, image_id) VALUES ('3','3','2','6','1','3');
INSERT INTO Item (order_id, item_id, quantity, product_id, album_id, image_id) VALUES ('4','1','5','5','1','2');
INSERT INTO Item (order_id, item_id, quantity, product_id, album_id, image_id) VALUES ('4','2','1','4','1','1');
INSERT INTO Item (order_id, item_id, quantity, product_id, album_id, image_id) VALUES ('5','1','1','3','5','2');
INSERT INTO Item (order_id, item_id, quantity, product_id, album_id, image_id) VALUES ('5','2','3','2','5','1');
INSERT INTO Item (order_id, item_id, quantity, product_id, album_id, image_id) VALUES ('5','3','3','4','5','3');
INSERT INTO Item (order_id, item_id, quantity, product_id, album_id, image_id) VALUES ('5','4','1','5','5','3');
INSERT INTO Item (order_id, item_id, quantity, product_id, album_id, image_id) VALUES ('6','1','1','3','1','2');
INSERT INTO Item (order_id, item_id, quantity, product_id, album_id, image_id) VALUES ('6','2','3','2','1','2');
INSERT INTO Item (order_id, item_id, quantity, product_id, album_id, image_id) VALUES ('6','3','3','4','5','3');
INSERT INTO Item (order_id, item_id, quantity, product_id, album_id, image_id) VALUES ('6','4','1','5','5','3');
INSERT INTO Item (order_id, item_id, quantity, product_id, album_id, image_id) VALUES ('7','3','1','1','4','1');
INSERT INTO Item (order_id, item_id, quantity, product_id, album_id, image_id) VALUES ('7','99','1','2','4','3');
